Image Name,Cluster Label
-fLzdkXRulgyunmqdPhMHaLRfdsNpZjbllic8RL7EHM.jpg,hate
-gDcxy0miB3qI5cie_BMI_hnSNUILSBaeUpzDOuw3Oo.jpg,hate
-NPKJk7TCmN9rCsBreDR58SVfO9LmsvqJTHolC7t69c.jpg,hate
0FWBgy0oIOyecl1r3UyIBOzCb9yk3ZM59R_oZ4h6jag.jpg,hate
0hGvWkqFKPrGXs_qMJI26IOQ--u98S84EBeMWdnfRIo.png,hate
0J2j4XBMtYPYGW4AXNqlxk8bu8e9C9UFzWSjNxoAyRg.png,hate
0JMSGKMmxT6JRwhOVch1QmXEWDeKiKuIajBg-9lmkzM.png,hate
0KZpH5oC5aiVW0VqmwUaU3vzKYYLce0G9JnwGMEQjy4.jpg,hate
0rvvmmADxruvgSWqi95O8nAz1VPQ8uHGO6LcrN1X1ZM.jpg,hate
0U_XYpu7j436wxG6elq1hzODGG0AEZA-8VQiXUvr4p8.png,hate
0YeFRmbMqo2DosYjh2gDt6NL1CxhOlAm3ka2j3kQBao.png,hate
0_v3TjzTd6lPxgFmdWJWxB_mHDGOgtKhE-I2uYVmvUk.png,hate
10uvLxAEOMNonzpN5x99KAOHqW_6_FAXKRUgzIs_f-4.jpg,hate
13_c426e2dc81.png,hate
1543_0b008fd29e.png,hate
1bar2LoehVMHnzccGFGABL2m0_Jq78NTaTAv5DeLpik.png,hate
1Dce4n_39zoa-to2p62JADBHNkL6fZeRetv2rmk1Llk.png,hate
1H5ZlOCjn53smZs9sSA9LWcqhvOoVbwuNI9g-rRiqvE.png,hate
1oc_0R5ENCNMNQWbnncFeJfZZ_h1nCzLJZJr6RAD7I8.png,hate
1rdAODFp0VXEBHVKEMcQKsj5UN1RhKqccT4N8jOHolk.png,hate
1_06f553d45c.png,hate
1_08a801df8a 2.png,hate
1_0dc81325c2.png,hate
1_0eeadf2be2.png,hate
1_10dfce166d.png,hate
1_12c7f98ce2 2.png,hate
1_12f5190330.png,hate
1_19d6b6e926.jpg,hate
1_1e74b96d8d.png,hate
1_1eed002f76.png,hate
1_20dbee5b1c.jpeg,hate
1_22feee1390.png,hate
1_29446da21d.jpg,hate
1_318274b39e.png,hate
1_37d8c1fde2.png,hate
1_3ca6a7d241.png,hate
1_3f6cd82c6c 2.png,hate
1_43ea81def7.png,hate
1_48df173ae6.jpg,hate
1_528a1c2209.png,hate
1_5556d26510.png,hate
1_5b21d681f7.jpg,hate
1_5bbbbe69bc.png,hate
1_6434d6ff33.png,hate
1_68bb146ab1 2.png,hate
1_6b553383b2.jpg,hate
1_6d389fa3a2.jpg,hate
1_772f925488.png,hate
1_7d28e18ee4.jpg,hate
1_80caaf7375 2.png,hate
1_81f8c48f01.png,hate
1_8dad0ff389 2.png,hate
1_8e6efc4cbc.jpg,hate
1_9bbc2a6720.png,hate
1_9ca3aae9ca.png,hate
1_a37639b56d 2.png,hate
1_d1f4fc4f40.png,hate
1_d94ef723e8 2.png,hate
1_e90a2ef476.png,hate
2-cmTl5hiDLHz9cBe41JM8LHwn4hqb0W9DvSo1TwVUw.jpg,hate
28pWMd17MBO0yBBcbmBgbcDlJ8sL2QE9qmlm0Z9radI.png,hate
2esG_tqlT5DYdOFlF0iQGUiOYHY6o5bEpCrHKx1qSa4.jpg,hate
2GwtmkcrD3dH6LmqazErFI_Lovo-gDLjY0HgdvaiIoE.jpg,hate
2oV-c1fB36gyFIyscMN97nIyWZUYpt407xW88ggACls.png,hate
2ov-z6fMy1GRI8Jt8igN_WmOXNbvrCKqKcME5FeHQx8.jpg,hate
2_8e8467850b 2.png,hate
2_8fc51620d0 2.png,hate
2_aeccad5356.png,hate
2_Ry4swQWsVqHL4hWdQAWvaxOQjXpykFRwEhg70j3Ho.png,hate
33d_c3cf993df6.png,hate
34HdDJWsvjGSH-HDpE5fir6E2oiTWPWHVSIK2Z2_EY8.jpg,hate
3bER99F6rHJBkjdqc75amUGGVUZ3yBATzdxvQZG8Uf0.png,hate
3DHehJejlfkfbbrhQtcfewK0qZmUWl2pOjssYN6kpjM.png,hate
3ioY8YJlhIix-fybMNf7UIfYgTxNlAIJNU3gqakCugk.png,hate
3JQV0UxCn3nyeiDMGjveK-vXwEF7-ILalO-Nhv3dRZc.png,hate
3rDy7dGO5-lJpfe4fZzLQJfeNT6LHUKZ7Ph3M_QaXv4.jpg,hate
3SNmysH5T3RmnNEsp3vlDouse9wjtAzPX2RAT_qPy4M.png,hate
3zI2TJJMZqkjnlw0hZrLtdlq0PUBbKxwiDQ5JbkurDA.jpg,hate
3_1d19efbe83.png,hate
3_7a3d51f503.png,hate
3_be841736d1.png,hate
44NKCgfmBhNwEB-xuzIGYbtB9bNTlKQxr9XrZc_XGMI.jpg,hate
4cBwtZT8PcK7korcBNOBErfKzfpoAtrtoWKAOtE1ywo.jpg,hate
4hATO7Qb7efeFzdxDiN3pjw6PePy0ZtzZ9AWgQcbCu8.png,hate
4i5h76ojMx8HNMrlSWv6yEUT3-FwRchGFRaeiGY-IOc.png,hate
4KKL3oQ7enkEKRYN1gUAvVJ6wUbpH6eisr9Lb4r9esA.png,hate
4lMEAWG-VmffnZg6LYJuWdPJVpdEO2ufxaMPh5Xd1f8.png,hate
4musDVMgGjs_HgwLX7MlY3XUo9eL9AaPTjSNXqzqw-8.jpg,hate
4owQNAE-W36mXsTJZ5DYtmCH616RCM8koBBfZKVEOyE.jpg,hate
4qAEECUW9Tybl1jR30IeW_7VsSjp6iaplW8dhSUGFhc.png,hate
4SFFfY1G0BjWZnv2WepFGCJtzbmXMPMLbiJKFLdTj_0.png,hate
4w9zLsgDR9qHv57AnW7_K1W2O8lgttckevMKzbm3pTk.jpg,hate
4_1a61076a3b.jpeg,hate
4_3988d7063a.png,hate
4_b71d992362.png,hate
4_bcb20ecb43 2.png,hate
4_e047b2cee7.png,hate
4_f8fdd26081 2.png,hate
59AhX4Wuc1oO0Ysx9Y2DXa4tirv1zqIi64ubvbhg20M.jpg,hate
5fRHz1077Iov70fYUHBywyPdpQ1uXZVafjbNujFTjSA.png,hate
5HJpZo3bge0AyMfOrtRU-9GdJlIJAoei4Pj3xSstitM.jpg,hate
5KbXDV8Wwwpc_nNKqn8EMcNgRVUqn4U6RgQ7585HvzM.jpg,hate
5W9Dd16k9Un27mtoOvgJ4dxiC3hSMkCid_DNm6EiYug.png,hate
5XOCLdaMoWUEsR2kT6EG_txDZKcfeg9t8IwDufu4Yvk.png,hate
5_5e8e7197b9.jpg,hate
5_f4323ef935.png,hate
6inMdj4cMNqBNwIlb8AZjXls28MjThq7EhM9SSIye18.png,hate
6JXrGclzYX1lLQHR8hXvb8-Za4kVkZt1LkpshZSme78.jpg,hate
6llg0no_mAI_LWf0ldjS9cFuhcyUN2IVmlUVPlq1tz0.png,hate
6mk6IlQbdJJLuJGW72HtfrkbnOezWtwyEhGjDXU8R_U.png,hate
6xhejEjNzp3YcPG3_j847cDces4DXSsakwXb_o8lMDY.jpg,hate
6_3000ce0f30.png,hate
6_832c23e9fe.jpeg,hate
6_b1ee8d44c0.jpeg,hate
7-UUNIEmQpBFCH2AFiVbwiTUfwZ2Qx_0kQY3ehhRrU8.png,hate
744Hsraa6jKqMMlm5U_y_ys7QZaHT-Epz5XQ868Ro6I.jpg,hate
759_0963b40d13.png,hate
764RNg9KvJKeQaFVcMee-aQ3WZFd3cTToq60xM7n8Vc.png,hate
79Ycvv2rW5ncqcq-GXdVIhTaGDQQ_CQx6aWdg7ndDJ8.jpg,hate
7EL8mJpSLVQtry77mrxatNvYYh9roY--ni5G-JLcRKo.png,hate
7f0S4qpUbSpaiMNpcLzXYDy_f3gYw8NMHF0LQMG7Gcc.png,hate
7hndnDIR7aZcxaqolFRkNcJooXN-cUIvlx386gW_28I.png,hate
7jvi_EqlcMyyTjIJ1q_teTWvcNlsFtu_ButnyutGNNQ.jpg,hate
7KoKZKKkNVRiYkPu4jyupqvBS2k_d0wZuqomcC-OqNY.jpg,hate
7PCsQL7S3Gch-vjnfd6dGZukKculHNsX1t52hOHD5EU.png,hate
7RvrjPZSRcw_dsz-hGkWASEWG-CqOZE9TRFI2nPY6uU.png,hate
7t4_tI3Gipb22nPIP-Q6ajJAOmPeX4y4r9MJpmicSoE.png,hate
7uePmXfjB7MleFQKJm3tgXsF9IWHhXUFIHH2qCDRnwk.jpg,hate
7v225xfGve1LaD_0bizkNxjFkD5jM3BeZzN-eXQp-1I.png,hate
7WYs1mTGX4SZEKnfXK9ovYyhAtI00H0XujRVb79t944.jpg,hate
7ya9TS5zfNFYdkVKj7EXrYYzNb7z1bwkjBXJQi1tg2U.jpg,hate
7_4abaa4b13f.png,hate
7_6ea15b2447.png,hate
7_80a247df8a.png,hate
83HsK8u0QIRfDtGUTlwuMSzL33sAx_njzmM4CeH2xeE.jpg,hate
88_6dfa2bb5a8.png,hate
8aLUs9WrVGt0qLxfC2eTTYceyAyJt9EJl8hRsEVFOTs.png,hate
8cenZJSLAu1ldNE79PchkGOynJadYqIVIuI_9_omWU8.jpg,hate
8cmVodET-3_2ufudqdzI7kxLBwYKNAEdtgsL6eP4DCo.png,hate
8Fjdt4bJxViZoDX-izTfkCW2jOfS9Lai2qOLquM1W40.jpg,hate
8gFrC3D1e6q_WbE_jKpH-30_f6wCmM5G9A5nVk7Zx-I.jpg,hate
8JrLlpjftdieHKOpP6g0LdkEVDzwbw6wRPN0D-Cb6nA.png,hate
8kNaaVidmahE6tW0DM7mc8x1dUp4hrO8SKm41LTfeso.png,hate
8urN-tGzJ9VYpDeggit2MQ77lqF6dkx5EBbYewU05-4.jpg,hate
8yDhyYEpsIPCitzxzTe2YVsxem8RC8K82eQViIPpE5o.png,hate
8_d9bc1ad2db.jpg,hate
9E5-UZ8vi6YtCR07d8CoqHagN6UMWI5mYoxbFvbwiEc.jpg,hate
9G7VqU7SOq5gxufqijVedvmB32iQ1QoDDpiddmFCAiw.png,hate
9TAyYq_HCG6TZ-hLlpl_-ATX3JIwlY_GFjXJ_J5oyME.jpg,hate
9w2OIKc07oqWo3gk0OCDno8RYsySDDbwiEJ6oxAKRGc.png,hate
9X27255nHchh5ttpWwVEQoL6jR7EaWzq1t784_pl2YQ.jpg,hate
9_7fadd23401 2.png,hate
9_8bc4134b1b.png,hate
a9rG-dvTM1IceJNecCuzwD1bQN0PsGn5ZfHATf3TGvs.jpg,hate
ABIB4mkrTtydeD0ZFr-vFM2sEruN9uG_PdTuB25iwsg.png,hate
aH4m2OnOALNiHVve3gLMLO8MiYavz6IoPghYhQT4R-I.png,hate
aiJy_1WUzGeTNETDQ43AS4lqzCI0oquVrOTigt2Nmws.png,hate
Akiap0dZzP3LGf0rW9W8NN2AMddJ9POehG8vEUICvwM.png,hate
aKLRzhiVjq-_Htdgjjjo4izQKfcJYWTkyIChpvKTgSA.png,hate
AME47O5K2QLuAlBF9tsxMfwDJUX_F1VeI3eR9PrCtSs.png,hate
aMmImj0SfcaQHmG-2ouhmeSSsdsAlwb44i2xxNoN1oE.png,hate
aMpa25jPohZ6FcvqoB3GaRdKSqNqS-WrbETDpX9tzZQ.png,hate
aO0poHg2QvuniTiTCbHGoIWul0bYwDcyEvq2VkyIQOo.jpg,hate
ao78c_rHa_EgUGyoEN05Jslf7EILiffGk7Leios2hYk.jpg,hate
apartheid_0277bb1ad2 3.png,hate
APhOkGBuIxDi7If4ioimWrv4UjD3dlFrdlPVQvITFBI.jpg,hate
AsB4AQ2Q1eAJh1c0lfmxSJctZKARK1C3_6_6Zg_V-9k.png,hate
autres_ba0ca55b17 2.png,hate
AxGWRqe1sTETeZX6kMlxbvMEsq9g0CGD4aLD3cUyV0A.png,hate
aYa2C_40YcXRCtxhHV2eX0qTHEv0ck6xO5FMf7n89v0.png,hate
az3-2B86jaO_M7nAKc9zGVY-Rt-8-Bhj5zvH9YC7MYg.png,hate
b6AO-OtvGXQ0UCG9uHsbQNfX3GnVBbfTgf8N_-Dd6qU.jpg,hate
B7ONOQvpEtdkMGwq6a7yuOtD61R-eJlw-mBrzyz-EiU.png,hate
b9NiQ7lIJCe12JUM_cSh1HbQCgnrU6ynziXvlm_-ohU.jpg,hate
bapVLqtbc2Z5ZUTM_NwyV3HYwaMonYorXI8TYZVfFk4.jpg,hate
BB3_UU2vZ_xhio6--AOImIAj20iaeX0ejgvvtYzNnW4.png,hate
BClOdWBI79qqFCVBIhFoDIjrt6pIzta4OHAfBo9Tnao.jpg,hate
BFfybg5DFBT4sz1ZIYojqwRO_UFdtf9ZdSVFaU2CgYM.jpg,hate
bfO3urDSh55WqT5HNAqoULwQOg2_5-pgCaS7QlJDWq4.jpg,hate
BgYsuqPLpCgy7Y-aMTFki7neqyMqH9LQNpKh8_S2hW8.png,hate
BhNnxK6yepIinDfTLGAZ6Cdcixyk4Gia83W-dp4HXZI.png,hate
BjRK4mCZxiFyAZmlaRYkWZG2xFvFoV9d9tzPi8zs4x4.jpg,hate
BL5eg7QDjjUhYWozHn9ArOc7qgeUde2kHWP4KTnQF9w.png,hate
BMZTPrKDoSuM9CrVvM3HAfn-mQuy73g9p-6tjbupDKg.png,hate
Bn-lE8tDXqGALcpEoHf2DCNUrq_dvYbd27aOLjedkY0.png,hate
bourgogne_d9088e47a1 2.png,hate
BPD50Dd72eHZdRB2KeMFJkL26pwky9dRAcd24beD2Oo.png,hate
brascroises_3670fcb12a 2.png,hate
BRGbUQ6Q2NLkcvWx1gOrq0ctnA0RcHEa9gtsm02glhQ.png,hate
BSsOhnHChsvOXolJncaEaGO5xuoph7ZKG_XaReX9nHw.png,hate
BtnM4E0YEVF_53O6Abdps9D5edJYvcTs845me5s5D80.png,hate
BWcXj5-NAsQ0aHtt3m026zy9OBBSx_F7tDrWf0LOMhU.jpg,hate
BYC-mbB5oqu_P4mV6LaDJzDbAMWumYMZaeM40XHZ0Pk.png,hate
bYIwj2dFRHu6E3flVu9--F2MfMOw7faYi6C65WL5hrE.png,hate
bYYTp8VIV5qCRk2ugJeE93J68V4TGZeD3XYyWqTkA_s.png,hate
C1fkeCK32NTf3M1CGLvpYLcouiLNuPty_-X3D_5tBhI.jpg,hate
c7R4qW4n--QPkJ0RtXoitmYuv6s7umNawNWZpssYClk.png,hate
C8XKkXNpJHmzWUYYiRR6afLwYfx9QKkre2E5h9fSdWQ.png,hate
CaOHjhlZikA5jEwPMMHPve00eYSzkFgzi30rPYQcdDk.png,hate
Capture_d_ecran_2024_04_20_a_23_16_54_ccdc6d0671 2.png,hate
CBXXkOHS6OH69TuX2_8djaYbM7JwxIWOZILMN1dRoJE.jpg,hate
Cd0hMkTHhS0CN24xdB76evKDnh9odkH7RR4if8rtpeI.png,hate
Cd1rPbXEvTXlG_HOB8llCsDXMawD_vT6A4gq3VrVCHY.jpg,hate
cdK9DTYX0F3zIA9OHCbOL3wXyV9qe4SCVtlejubLSj4.jpg,hate
cDr77T9AmZHSa-T56NKWMl7x7MpYRymxcH3oqdCoS5o.png,hate
cDXjrQ6Vp-PTwGUEe5WHPM-dIzfN22CxEOzrLCnUsW8.png,hate
Cefx4bDQLdZJDXzKFnkZtZ03jXHuo21gvkl_O2RX6_k.jpg,hate
cEJ9VwM3dqwF7FLCu4orn6r0oL-Yh1CMIf-abgmFP8E.png,hate
celtique_3815d51919.png,hate
cFfKLWdUrqmX5UzFKWvd8CKBb4zICLa0fAQahsSaUhQ.png,hate
cgQYlc00ks-y-VQaFsybGGZfrnQMNfqqKQGngoG1urE.png,hate
chienloup_5e2e929bbf.png,hate
chiffres_0cd225c60c 2.png,hate
chrisme_f859d97f12.png,hate
CKjebFHY7QYshJcMciNRcqqkINajzmA2fIfuRbgYQHc.png,hate
club_5b30f8d502 4.png,hate
cochon_84c0f72555 2.png,hate
cOcrjO2Q04nV3a5SM7PFbiY2oJ9FO0c39kvu8ifHGew.png,hate
coeur_18832017f8 3.png,hate
coq_8188a02250 3.png,hate
couronne_739235940e.png,hate
cQWah63U00ClWaCwTHeSN7LZ5UPJ29QJ4lW8WndhOFU.png,hate
crampon_8abba1a31c 4.png,hate
crane_c1dd10d67e 2.png,hate
ctN0LvjZ0fe10PZoOqMiLaEMK3FF7PW48XsJHjB-URw.jpg,hate
CtPS4hIzRgq6hHwdCH2xXSh8a_BqOhVw2yLy212lnAA.png,hate
cUrpLovoS2OiWUwNHm2k8MS7k5GOfPRnoECpNTDC7U0.jpg,hate
cWirG7ZRz0Fh4aJ4M7KsJnLgGxsCUiESNHXqN5APcIg.jpg,hate
CwtGPKBvAbZTBAJwPMA4HssrUW-4KsIOoumxySyf_t0.jpg,hate
CxJXGSdi1uB6d1er_jeyT2irz7ZraBk7KxzTv-wgvwY.jpg,hate
daRMOdv0L4ZX3rkb5JdepkgrYAIR8epqLT36vxlPh94.png,hate
DcSkNLvrDemlcWThzs9MGS_zcizdeWRKAxKYug4CyUY.jpg,hate
ddin4oR70VbLToncVKwAU4r0YnTzGJmRnV2JemdK8BU.png,hate
DFYba7BC246zeF0MBDpn9xke-HIaHYOIAM7YnAqZvJA.jpg,hate
DJ82EViJNXQF_goj3UwysnSaLbd8gbOwPgITJR-Iybo.png,hate
djsX95LLUhJKKXPX6lC4iiHGtDOrtAMLJRNAr_xqPeA.jpg,hate
DjytZqp6FtO9rNJAF_OIAyUyR5gAQvDm989o_G-0j0M.png,hate
DL2FoVfb1BG-b9LA99hyU56nFR27YCg_vbq69LaloA0.jpg,hate
DOcdt2q0oT-KM37FPBBynh7yeQPBMz75tfkN-nDrOUQ.jpg,hate
DO_1sNn8B7R2aYuwKWtRrcm0ISibs3kkktqSxigY35k.png,hate
DplKrxJ9nMnJlJ6QU9Dfz9aGwKTgYtCzlzgQuE4rixs.jpg,hate
DPodL8bQtU9Sbe-eJFgbOgBdpWJouT5_cpymXX1JgGg.png,hate
Dqsx4C4YpaejM4eMErlPj2zvqFKwhbntw0LbRBSZ5IE.jpg,hate
drapeautemplier_c3daa564ca 3.png,hate
dRH8ZD8dwutiuUnbbK-Y2LicFTBXwv_X-5AnTwVgkSM.png,hate
DrnSIONw_AyWvgKxLwJnZRehJoaREVDwiTd1vu0f4vQ.jpg,hate
DuF6JNMqPUve31tcUB-L9sBk9YZiqD1fRpEu4ZZqRys.jpg,hate
DxAt-p0zwM2HW31OOYC2-SXGo7RqrN39OMB9nvVU9Xs.jpg,hate
dy40eVCy-DulSCjbSdJP4NkHqI2qivwSByc94KV1vXA.jpg,hate
dz9USRkXDOzAuj7p6aZu1RzMN38vC3_0sLcUJYbDobw.jpg,hate
DZPdyLYof4cCnta6Wg7ssZlue7dZBfV_tvWmxKjsWYs.jpg,hate
D_ABJqSJn0MbJmBugEnITIGtS-aqRlhBfIa0w2uBR1o.jpg,hate
e2fgsuLtAGl9eCOBYH-4WP4cK4QRTcnhHoZod9b2AsM.png,hate
e95ym-jqc4vqV5b2RzvfewUh7Trt3KGWxdOWJplYkx0.jpg,hate
eA9XaHHTlGygbELbctmr82NRXj-8CKGRGWhTBUwB1-U.jpg,hate
eacuUGJAuHWLxee1rOW1apvvcYVQy1jtAumYyLPHXns.jpg,hate
eAj7-dwEuSrI8qP-j3M9JVY71QuRmU9cRMAOY2A7w0Q.png,hate
Eam0Rqsn09E9Qdj7NBiISbOCuss3enyixF4NAvtkSIo.jpg,hate
eb_bdd945c759 3.png,hate
echo_cd3a70b110 4.png,hate
ecsdfcdsx_f29a0cc466.png,hate
edelweiss_a005b32277 4.png,hate
eDF_1aPcmNI5QU3aI1JYIziEf8Mf9PVNU97_9vWUpV4.jpg,hate
eEMUZpcwF3UedEBfVMw5T0XsNvxkJIM4Isrqya0zHSE.png,hate
EfesTMtgtI7hvN5S7hxywsBuvzj23I-1zMPcwX-gIMk.jpg,hate
eHMcnT9CYTkupuMUQGbnwGJOwUwG4kuhZBFDtLKiJ-k.jpg,hate
EItx1q7Ta-99yo1jJmDAN9A5uKW0Oe_mBAZt6vN4UKI.png,hate
EJPNEaQb_MMbyM3k9WxiXCewRB-Lb1QfHRWuCXlmXWA.jpg,hate
ejrAj6IDHwJHu8YDGqnUx8OrvcpSUIG6mADquawcjkk.jpg,hate
eL6wSqzKRn_clo_0lq5kL2nzS_Qc7Vwkfux_2wPA2iU.png,hate
elcVMausFTUwaRRTkv8HVniWGE_qw0_J5RAFTj070rs.png,hate
empire_84e964b457 3.png,hate
engrenage_0935ef1faf 4.png,hate
eNXXzefTPPsqbDU_0jz0hwpPCSuDL5aHwj6kGyXIIzg.jpg,hate
eo1eumUpsTO43tjISLc2YYCB948s7YbmDTrUP-E20SE.png,hate
EsfxZVyWxuuOZt46Vnt7Bi0xcdWOvLDVzjfmhrhBUSY.jpg,hate
etVaq8VXo6JhlWykH2pF25b3wWmSrJdO7IIgBSszDz4.png,hate
eVvC1xSiVsY5zzZA5HxsONfZH-x98pWc3dzvEDjGTvk.jpg,hate
eYe1DPl9HOjQNSg14fffjboMcVtz0cHFzwyavc12Wig.jpg,hate
EyI_X-DBA5XK8ot0puUIkLgNplWfVLrrIA-pgZPK0-I.jpg,hate
E_BvSzX95mjKbZdp6bfB12QHC5hNErq6BTZUDd5GOng.jpg,hate
f0d--zzRZoT3Mc8X6ZrxX7gTOOUB1VJemK0yeC_tRyU.png,hate
f1bd6ptHuNb58FdJR_2-8WPgO9u2U3lkc2fWeehhnyY.png,hate
F1jho-yqQ3XvfeT4ap6OxKb1Y3r_ZqRobys5Y9Q-CR4.png,hate
f1O7Hp0lCGkubRQeQ_KPyVlJ5XlJB6zuXD-OsnYhM6E.png,hate
f4Fq2vEd8y0NuI-LYxVxVndZgAR7mVLSbzUB-zocdco.jpg,hate
f9taWVGW-z0Gc1D3nNJSygl5CmAvD3CsgSKTfaaoj2w.jpg,hate
Fc3Xcy3B12Yjqxs3LqIyMqrUMOChYn_tb5JZna0QPfo.png,hate
fckafa_7dd951ad70 2.png,hate
FDMTCbeH4xIixP4a-cwACFeWbQF4phoEvB0eiXC9mEI.png,hate
fer_7620aac94f 2.png,hate
fF6Uwh1VbdAAH81002feRPbmkr1xzSefdUs9f9fzhZQ.png,hate
FGGyRJ5lfrq9dGD63jIhN_IqR6ySHVCFT-VNYoYxROM.png,hate
fi94IaJV7fL_eMSnB0_HSDUfnH61arNA5pO5JLdxdcQ.png,hate
Fichier_147_6x_64e35aefe0 3.png,hate
Fichier_150_6x_95eb26670e 2.png,hate
Fichier_153_6x_c8de512ae9 4.png,hate
Fichier_154_6x_ea11fab154 4.png,hate
Fichier_156_6x_17d9f06f3c 2.png,hate
Fichier_158_6x_13f4ecf72b 2.png,hate
Fichier_159_6x_dacb5915d7 2.png,hate
Fichier_160_6x_8dbfc9719e 2.png,hate
Fichier_161_6x_9edc56b1c3 2.png,hate
Fichier_162_6x_7672e59363.png,hate
Fichier_164_6x_dc2888d59d 2.png,hate
Fichier_165_6x_bbe52da832.png,hate
Fichier_204_6x_f145663e7d.png,hate
Fichier_209_6x_72387e71d8.png,hate
fJ87GTPGLbxyio-lY1J3E6vV84NCnv5vSWWlD3aC3Xo.png,hate
fk3Wf9ortlwkeTgvl1znL6FvFGaYqHqLikC5sW502PI.png,hate
fL1fjrryPxLuS3lpunYkwI6SP7w0MhWQqLXkAumCtc4.png,hate
fl3VNRh3sSIRsBFaHhAtESbZPE3l4VMGEaTmYXdTAqw.jpg,hate
flamme_6765ef5389.png,hate
FlgAZ11G6Kg0QWpt0eQ8gTtvH9XAUW0zUy_oCm5aSwQ.jpg,hate
fn4UoQjVYi8vvxayESNO9FKqkmwTULbBIDMHbWUqumE.png,hate
fn4_Ya9aH4WiEDXeDbuwyA4WbeYMrW65jWeE7BaVN88.png,hate
fnU45aTy2WLm83LcscZYDMOEMY5XIGk4yZGjZe75U9g.jpg,hate
foulard_d70a73459a.png,hate
FoWD4UicL7OvkhXuUSRo1DHcQcw1_Z1McvHAwEKw4AY.png,hate
Fo_Vs8c_KWIAYFBZ_3_c53a96b75c 2.jpg,hate
franceauxfrancais_a622954435 3.png,hate
francisque_fd8c8e02c9.png,hate
fred_cbf1efc6a3 2.png,hate
fwU1MhO628FvKDIJo8g6Q8IvHfWT0zY1wBWFEk-lW2I.jpg,hate
fwYx_jr4-hmZtQ-y_H1R4lX726dyBJcp7QqspKe3_54.jpg,hate
Fx2pIh3vzFVmjaMwhN8R6L6SjFZRk_27CVCVJqxX5Bs.jpg,hate
fyeUBXY1LkGLmATOVFON-RSi4GaWS0ZgF2JzsPj0oI0.jpg,hate
fYYjxzYbx2gvhyZ3nWoyxzKHBCcYCQbTlOKVptbHM58.png,hate
FZEFFS2MAgKf6o1rxU3zWYnGQo3DupQO1MrSmgZ4Foc.jpg,hate
fzlrYc8gRRFoPpULR3lA10yd4IzPfDUUuJZ-j5Y0iso.jpg,hate
f_Gmc1IllQnBLpCHRtzPtjD-4HA28KdyucKq6jb16TA.png,hate
g02T-q2WKlMMDExqT8JR73YKYN4ED-roJEX2PlSPDQ4.jpg,hate
G0VoGaQUqIkvRK55aBZl5Zto-1tuxL33hSbcH-XYzck.png,hate
g13BecwP-jw4F3O1t82DLr54MWHBVnxzuJer7neIiLE.png,hate
g4NPraDQYkw609BvoeocGDqCjrdjYgQ6B5d5OL_6o38.jpg,hate
G6VeP7G1c3q8eE8Z-PB6vz6m8G4chg4iHqpkbIhGtCw.jpg,hate
g88Yg81zkA2PmhY2MIhWVcsu1mZovb1h0VKiq5Z_6Hk.png,hate
G8sjnECQgWY4jJJI8SITibmivLCxzg4_-sKiQuhxzlQ.png,hate
g8wPRhRnSSinXLlEMF-NA31eHZ-a7o2AwlFYRRVaV9k.png,hate
G9um7uqNjE1TWnzm6snNy-fW3XtOJnxRefvprhr3CZI.jpg,hate
gammee_44946b4fcd.png,hate
gestes_7913bb345d 2.png,hate
GF2yUYi4QqSzIhUFWovZ0NIiiKTVuqkG_7WbEpmKHMs.jpg,hate
GGB4dZA8PW8Wrx8F0ML0mH9tMYL4V8I02vJublyR5AY.jpg,hate
gjOK10Oa8ryxNVIxAJQO9k7hG9KXl7GsI-WbvL68tq4.jpg,hate
GKoihAcF5TbChN5iNxCZWemd9S9sAM__C_GQZOPLrnk.jpg,hate
gO0Tdm_1QEug3rMWWuv2Nq_bcBHzmT7GgJvyr8MHhUA.png,hate
gorlgN940kcuRR_XyB3LMUgUjm7X63sfFbbD_je17ZQ.png,hate
GPHa6HKWcAAzkTJ.jpg,hate
gqdZGAzPQv_MPYv-dWn6ofvQ3vnO7hIu-TXDvUmQoa0.jpg,hate
Grg6BQOy5pxqFXnvepph5AnSk1jP0VBrYWs8fwejtpY.png,hate
GSschguboAAePCL.jpg,hate
GTOcI-CWkAA7dBV.jpg,hate
guepe_5d6e52bf01 4.png,hate
Guy2Gp0ASaONdGwa-ZYrBqKyPDpsUk-JJJa5b_e4mXo.png,hate
gvresed_0f30eb2173.png,hate
GwWXn4HLu29Bw0eAhWo_ATOQSsb-loPrEhbqrRduA-A.png,hate
GxyLUhA6o26ViFdQD_yKx-D5N2jMMapW2vu89MW8k3o.jpg,hate
gzWPgvIxGqGVwH7KbzqpV-TGOOUWQVAD9unHe0rRjMo.jpg,hate
H-jJ2M1FmsDh3pnpZD_0E5JhzQ3r_DG7401jNowZEoQ.png,hate
h-KS1iP5PGLBcgEGpRpyIrpgkrC1sh9aBBRvTYC7wvw.jpg,hate
H5WHj8SeYuOxQOzpFcdwQRI7rONSVbl-dtCDdh4zJWE.png,hate
H63I_1I2hpvSzheaW91HUFCaQwsu2HomwW0MV2PAp5U.png,hate
H67GIC4S3-CJMHsBDMa0V_X91kwCoqQqa0yxejLi-_0.png,hate
h8mw5bPEOPkmHPIhRSSrE13CVGm46-v239RBR1BsTgY.png,hate
h9LTPgPi1i9rXXlxiVF1bVlV0UGjcpqV5TlAFTojGqA.png,hate
hBBKavure_thwpPwHCZ82_7T5r-pPcg7X3MOaLUTjM0.png,hate
HbmABOTa-4yrrgjSTjgqAFvYLXqsGT5KNiK8AMmgoOM.png,hate
HBxIVsBhGlQqYlhdoSRGpUhAUtOfidzL5IS5EMzjj9E.jpg,hate
hh_df078a056b.png,hate
HJF1C9lQxwaJzQZuYCCun3lNfPPNUeM4z-Z1gSuClRk.jpg,hate
HJseW7O9S7bKbqeZG3QzYmoTkROo65SfYhMqcgag4Mk.jpg,hate
Hmkjrf0jwlNKrJ-HEUBgQA9iGtPA8XLCf7RtWUdwY90.jpg,hate
hN24F5b2U3d9etjgdKHFHmKrVL3TCwEOnbS3_1WnzBU.png,hate
HNpLSrR-kQI5_w1cSffikeln_r1CQjxrFbNqKbOfYgQ.png,hate
HNU5ylpA4W2zFllM9yqFLwIpUpE3IzudWzrAW3oO0nY.jpg,hate
HO9zrjSgCOGivBKqN9_VFrAp_853OJt7Vh3SLP1bnJ4.jpg,hate
hPINR7_eVTb_EU5PEFRRmKPE7GlBBtKqfmTqvjM5L_Q.jpg,hate
hqPmJvannFONyecvOmNnHucb8TnLbwx-jJHT7uMgDAY.jpg,hate
HRIzi-V8J6DQ4q2zeYj9fLVKLdqBYViUqoRMmwVecCM.jpg,hate
Hs-_65oEqRRLR35xQTsD7_r-t_O1rSejidT1jEl9LrQ.jpg,hate
hSdkOgwi7ZjJody_BrXxJ8r-8RPpU9nt_4pDYb5VFCo.jpg,hate
hT3mKibuAMPMsyPq7ZdHjHKo6aSiIciSOEj33udoMwA.jpg,hate
htbmF3vwqztDJOplcn5bWZaBsAW-XplWkJOYY2y7ouY.jpg,hate
hvZb5bQmelJbT9cIAAuYKAUCIcSojqU6IP9lPr0qAkw.png,hate
hy4Qz4ImrwtW-WF_WaiziJ_kQKXyY_rNAoBr9_Rfd4k.jpg,hate
hz527Sj0f0p1LRgPL98ClAmqnfXb9N7vTL9DM-TP8Kg.jpg,hate
hzPuieaNG8nGoYTyiimHBfl16pKFmxJ_5Y4uYNcYDXI.png,hate
h_6Q69u32OjR9yQy9JLyTSE-4ScDZ-ODpUBfO1lPg6Q.png,hate
I43U3oxsaqYKpWZp1vLXGorIoitrix1j-KZsNHqFn5o.jpg,hate
I4GsI8FESDe-DOvSIiKCnV6cpiVm9tD92gynz_CdUME.jpg,hate
ieCGYeSERKNqA7_t6mVe6Wx7QkBB7KBuWXQZ9DP-VKI.jpg,hate
iek9QIipPyO0exzC1ehT8eQUoH8JPnLUzE5gnrEu0Qk.jpg,hate
ikneYZd4joUX14S7IGpsrWYMVOjGfVm8SgImmMLhjUk.jpg,hate
j7Jn8wrd1ThpVcxYerHwUX6jm4isjzBMfMrOTLes7js.jpg,hate
JPBkY1rAiE4CJyelcpqS_yYr9qmQ0FBwu7Z2ZJhjDbs.png,hate
KFi6MlFGwmRrBOelynJ14zu2l7e0mpU_2OEocTa7gS0.jpg,hate
kOHDMLc25rHrhf9OgzNA0taVY8b4rsZBdCrnGWcgcQk.jpg,hate
k_Nqp647oaT_nqxmPijY4i5Y9_sYQ9a3qEL2etLg954.jpg,hate
lhhLa2Y5DSH1ERAvWsqtVR-6RgjXYTMIIyJEjHujn20.png,hate
MytA2nH3EXnsig93Qj1jzxb04eBM2yHYoHzghmmBICc.jpg,hate
naaKXbIFhEy-UuyXCEv5M1iJ7UB7INK3J65R_BCZJIo.jpg,hate
Nes5CZzq6YEgMzvQ2ScY55f1e2lrVzlrelkGZMy39LM.jpg,hate
nhW2fUH-ggVzeHHiFyJu9fLB7rwS202XT-McjOTeF9A.jpg,hate
nvCdLDm-8b8PhPcS0aLGx_l0P8nI_5AzAowzzd29zZo.png,hate
O0E0h_qUKP6RCSQqs4htp1LURnGfyhs3LwuPBR5eGL0.jpg,hate
oAgSP0llDIDSJE3Q-XLwDm-XjzLngda1TqWVWcv45Xw.png,hate
OGC2dIy1RFqB8PZrJZgo90bAG6_pUovj07zHZaAX2UU.png,hate
ojwRn6oiM1u2lrFVmGE4CoDAb8AWSbhn9hsL3KgyT6s.jpg,hate
oLcwIZnldFB9E4WT5ThD3uYzJKyFqEoKCH9PPTmEzzg.jpg,hate
Patch_Roussitch_5b2f27ce4b.png,hate
photo_1291@12-04-2024_23-28-54.jpg,hate
pi8HFFYK-1Bb4csztof1Mx5pabutGJD-gpdYnH08iJk.jpg,hate
PjDNntdxh2SjwM0fQ1HG4JoQavZBPP_Gdjr1-0L2zlE.jpg,hate
Q6y6gohvS78-saYegQwPVQV7GUeXBE28d-Y9W8O1ie0.png,hate
qa09nAPI16HFZgB_fWqiWLTD7mptgFuUAstQXopX49s.png,hate
RMphdj9lW-ewKFVjHu8GzTLvWCxjbZKlqnFBu9r3cB4.jpg,hate
t0gWdNvSn4r_5jCAwbFf0XhDzWPvMmAV0S7Ox5QRlaI.jpg,hate
TIZevPtxA_WzSTIWEqKGU4kr5QdeShl5ich-NQTM-uE.jpg,hate
u51mb-5BZc-9pQXW1TORH_e8VKXyEnr6E_vLPxsWJf4.png,hate
uWvwz96Kt6YTfFKLUJtPGqqYDoRa8DCI8b_WaTjR4jo.png,hate
UyA72OPWwAP9AVJg24qtn2Yer3t6DexPDybxgHyAvdI.png,hate
v-FeHGh_4GItTeMEWY3NPQvHTwvPUj_XGhX6Cc2NOnU.png,hate
vzcl79FJsJXQLWbAHhJ4do1VzXDqoGTIKPHozW53Hq8.png,hate
wR1LvKBk4APOAEIijscFFEt7MYOhqVulW3_Kj6EjLcA.jpg,hate
wSwNuC6Sp-72m-9hFZwjsDIN_sMw8xxbJR4i-xs4H2c.jpg,hate
xB1aJqsX5QCUMgtjz-pvI3aAZo5btEAoLFAT6Cf-Oas.jpg,hate
Y5wIqsl5EOWgH24Bn_cHdXVl1Xdd236WNLjgOGGwAlk.jpg,hate
ykb42B50IBI27sg7ETjt06RKs1wVQ6NJ0HVrWyc3d1M.jpg,hate
YKJlXZtIM3r3oZd8hDrKvCSXOHYmppFNAZIPZGz13mo.png,hate
YqvsW7fxDOlUq22oz2cCRY34CYlOd32hh4toE_mcqGE.jpg,hate
zETXJarRYmrR5tO2LuyHq0AGxegRkkQ6fRwzlQSvqsA.jpg,hate
_09cifkcW_AwG72GQODrYoRz8VlIalP-ab6Yeq-dG_A.png,hate
_EHoW-2AYIOGmL9TwHEsSjefhDkv3OogukWfXWXzdEs.png,hate
_nQDbDT8C1_GCNfaJiJghBv7aKkPPoZdfJL0BtruX5g.jpg,hate
